01/01/2022 00:00,01/01/2022 23:59
diego,viane
diego,viane
10/02/2021 12:12,10/02/2021 12:12
10/02/2021 12:12,10/02/2021 12:12
10/02/2021 12:12,10/02/2021 12:12
10/02/2021 12:12,10/02/2021 12:12
10/02/2021 12:12,10/02/2021 12:12
10/02/2021 12:12,10/02/2021 12:12
10/02/2021 12:12,10/02/2021 12:12
10/02/2021 12:12,10/02/2021 12:12
10/02/2021 12:12,10/02/2021 12:12
10/02/2021 12:12,10/02/2021 12:12
10/02/2021 12:12,10/02/2021 12:12
10/02/2021 12:12,10/02/2021 12:12
10/02/2021 12:12,10/02/2021 12:12
10/02/2021 12:12,10/02/2021 12:12
10/02/2021 12:12,10/02/2021 12:12
